geracao_primeira_avaliacao,n_estimators,max_depth,min_samples_split,min_samples_leaf,max_features,criterion,class_weight,threshold,fitness,accuracy,precision,recall,f1,roc_auc
0,100,12.0,8,2,0.3,log_loss,balanced_subsample,0.4,0.6168227120767987,0.6256333333333334,0.4406789505016625,0.8257829292846842,0.5746799969703855,0.7658339752170008
0,400,30.0,4,8,sqrt,log_loss,balanced,0.6,0.5976841608094374,0.7301833333333333,0.5619811294024311,0.5396566266699317,0.5505926769008689,0.75864350295083
0,200,30.0,12,1,0.5,entropy,balanced,0.45,0.5807493212025635,0.6564166666666666,0.45968773073529146,0.6945283378227628,0.5532173121518823,0.7314836562646905
0,200,20.0,6,4,log2,log_loss,balanced_subsample,0.35,0.589576971017655,0.6065,0.42723872815493485,0.8361222213152668,0.5655134339344866,0.7567619397422773
0,650,12.0,12,5,sqrt,entropy,balanced_subsample,0.4,0.6164049152300571,0.6231666666666666,0.43913624796929135,0.8310886186161673,0.574640203179381,0.7670019198415392
0,800,20.0,4,20,log2,entropy,balanced,0.35,0.5891489227323509,0.587625,0.41730319563522994,0.8740510978695617,0.564902007332964,0.7669957408827959
0,800,10.0,30,2,log2,entropy,balanced,0.55,0.6316770839211391,0.7231083333333334,0.543569592724397,0.5984545479280603,0.5696932022741106,0.7658583066851152
0,500,12.0,6,2,0.5,gini,balanced,0.55,0.6386563507523084,0.720825,0.538961038961039,0.6120044622207711,0.5731649827359945,0.7652193917286522
0,200,10.0,12,5,sqrt,log_loss,balanced,0.5,0.67912519230845,0.6934,0.49961989045047855,0.6973852474627922,0.5821654893588025,0.7656496129663828
0,500,6.0,4,8,log2,log_loss,balanced,0.6,0.5489928952124987,0.7364,0.5900728180954726,0.4563981171605039,0.5146977600490948,0.7568176579021737
0,100,30.0,6,4,sqrt,gini,balanced_subsample,0.6,0.56372019091752,0.72805,0.5645793484055063,0.48989198160694364,0.524590641571004,0.743566426892377
0,200,12.0,30,10,0.5,entropy,balanced,0.65,0.5433302135273768,0.744775,0.617015586797066,0.43944711996299624,0.5133086494303104,0.7663456588597414
0,650,30.0,24,1,0.3,entropy,balanced_subsample,0.35,0.5794615755141651,0.616925,0.4322372871386136,0.7997442385655593,0.5611760775141998,0.7469970825127048
0,200,30.0,6,10,0.5,log_loss,balanced,0.5,0.6630828755563835,0.6928166666666666,0.49890524877970394,0.6757815688515223,0.5740269945456227,0.7558502946004146
0,650,10.0,6,10,0.3,log_loss,balanced_subsample,0.45,0.6440571413388374,0.6580583333333333,0.4650155304888017,0.7739504258155797,0.5809666778999827,0.7658335414969134
0,300,30.0,12,1,0.3,gini,balanced_subsample,0.5,0.6124437907861138,0.6955416666666666,0.5025167397829601,0.5921693467199957,0.5436718584115009,0.7314641089546616
0,500,10.0,16,8,0.5,log_loss,balanced,0.4,0.6156025023089621,0.6232583333333334,0.43914620455395953,0.8301635240660626,0.574427427022244,0.7656331170585666
0,100,8.0,12,8,sqrt,entropy,balanced_subsample,0.45,0.6309661909054697,0.6512,0.45896392556733195,0.7764536228335102,0.576912968765794,0.7622412754639519
0,800,6.0,12,4,0.3,log_loss,balanced,0.6,0.5510640896612018,0.7351916666666667,0.5861674863198726,0.46050662530949854,0.5157938043792951,0.7563918678325556
0,300,8.0,6,20,0.3,log_loss,balanced_subsample,0.4,0.6032974200319576,0.6156333333333334,0.43357763570122343,0.8321769651457024,0.5701157567058736,0.7625111492087306
0,650,24.0,16,4,0.5,gini,balanced,0.3,0.5481712315535622,0.5630166666666667,0.40171689955511,0.8721737001061138,0.5500737893400144,0.7489485223743466
0,200,30.0,16,15,log2,entropy,balanced,0.65,0.5527928013215756,0.743525,0.6084573502722324,0.45609882186488176,0.5213753635133664,0.7645428897134754
0,300,16.0,6,15,0.5,entropy,balanced,0.4,0.6192219543083245,0.631075,0.4442896523105196,0.8156613065600087,0.5752444184328437,0.7640869448217131
0,650,,8,1,sqrt,entropy,balanced,0.35,0.5230594624716316,0.604075,0.4194567561092477,0.7621962832966016,0.5411205655949081,0.7152858123647721
0,100,30.0,16,15,0.3,gini,balanced,0.35,0.5872167967419633,0.5937083333333333,0.42017399169947856,0.8594400457105542,0.5644113679207354,0.7631895295881443
0,300,30.0,6,2,0.5,entropy,balanced_subsample,0.3,0.5286500004467246,0.602025,0.41881123834258055,0.7722362800315621,0.5430870351412634,0.7223803488199262
0,500,16.0,8,20,0.5,entropy,balanced,0.3,0.5571631210773879,0.5484,0.39628902765388047,0.9065382417761816,0.5514946866620319,0.7647778038869426
0,100,8.0,16,4,sqrt,log_loss,balanced,0.45,0.6303336784172865,0.6506333333333333,0.45850119576906406,0.7772426740674231,0.5767646583750605,0.7621707441451995
0,200,8.0,4,8,0.3,log_loss,balanced_subsample,0.6,0.5695150185157517,0.7377,0.5864146988504241,0.48717111528310614,0.532205808043278,0.762505096901482
0,500,24.0,6,5,0.3,entropy,balanced_subsample,0.4,0.6157337731501441,0.6503416666666667,0.45735583224115334,0.7595842516257176,0.5709406603744644,0.7517079892957007
1,300,10.0,6,2,0.3,log_loss,balanced,0.4,0.6122027619943368,0.6200583333333334,0.4369346231772394,0.8332108943487606,0.5732550847536948,0.7656483510272286
1,800,10.0,30,5,log2,entropy,balanced_subsample,0.55,0.6307976968444114,0.7242333333333333,0.5455608930482615,0.5963866895219437,0.569842714155726,0.765883489251276
1,800,,6,5,log2,entropy,balanced,0.45,0.6234272538201056,0.663675,0.46847240679862906,0.7289472968193073,0.5703792806122993,0.7493694898818776
1,100,8.0,6,20,0.3,entropy,balanced_subsample,0.4,0.603048342025795,0.6151583333333334,0.4332880473238799,0.8330476423693304,0.5700693571661314,0.762320004647989
1,200,24.0,8,2,0.3,log_loss,balanced_subsample,0.4,0.589948954855283,0.65405,0.4584126762285774,0.7139553233749626,0.5583335106496159,0.7373746147380411
1,100,12.0,8,4,log2,log_loss,balanced_subsample,0.35,0.5864861745872464,0.5849166666666666,0.41571234910593247,0.8760917476124398,0.5638659288316055,0.7666416452012075
1,400,30.0,12,5,sqrt,log_loss,balanced,0.55,0.6276856269324319,0.710175,0.5232673267326733,0.6039506979022121,0.5607214580728278,0.7507655018183524
1,200,10.0,4,8,sqrt,gini,balanced,0.6,0.5777451369816095,0.7401083333333334,0.5895834674563832,0.4983538758740783,0.5401436175702974,0.7657712302687402
1,200,10.0,12,5,0.3,log_loss,balanced,0.7,0.47252951721520076,0.7445916666666667,0.6680801850424055,0.33006829374472835,0.44184225382892317,0.7657844355255841
1,200,10.0,12,5,sqrt,log_loss,balanced_subsample,0.5,0.6788710267280906,0.6927416666666667,0.49885592398681405,0.6999700704704378,0.5825436183100665,0.7656382461989825
1,500,10.0,30,20,0.3,entropy,balanced,0.5,0.6780030918728536,0.6917,0.4976600866634569,0.7030990667428509,0.5828052053496922,0.7657871076269969
1,800,24.0,16,2,log2,entropy,balanced_subsample,0.55,0.6003581416670047,0.719375,0.5409264971811509,0.5534514189317878,0.547117285527926,0.7486792699572894
1,650,10.0,4,2,0.3,log_loss,balanced_subsample,0.55,0.6339115189689286,0.722,0.541445777245743,0.6030256033521073,0.5705789975027675,0.7655051928386005
1,800,12.0,12,10,log2,gini,balanced_subsample,0.45,0.6482904860748232,0.6612,0.4677379358230422,0.7698147090033467,0.5819090516443512,0.7673011195357102
1,500,16.0,6,2,0.5,log_loss,balanced_subsample,0.55,0.6077166113899297,0.7259416666666667,0.5519037645668868,0.5592468642015618,0.5555510507466721,0.7575608291009011
1,650,10.0,6,10,0.3,gini,balanced_subsample,0.45,0.6450068055052256,0.6590916666666666,0.46588297103828724,0.7720730280521318,0.5811122147018769,0.765897345578515
1,100,24.0,8,1,0.3,gini,balanced_subsample,0.4,0.5737041738902764,0.6532166666666667,0.4565803812280044,0.6953990150463908,0.5512347676048743,0.7289736975277181
1,500,12.0,6,20,0.3,entropy,balanced_subsample,0.55,0.6375352124234404,0.7229166666666667,0.5425049142136045,0.6082496666938754,0.5734992303745511,0.7670923731953245
1,200,12.0,4,2,0.5,gini,balanced,0.55,0.6381736221246144,0.7211,0.5394461922716683,0.6111609936603815,0.5730686804775997,0.7649222833366509
1,100,8.0,4,8,0.5,entropy,balanced_subsample,0.6,0.5711174144716131,0.736075,0.5819571668171849,0.4909259108100019,0.5325796596661599,0.7617074268290573
1,200,6.0,12,5,0.3,log_loss,balanced_subsample,0.5,0.6322946751069003,0.6692916666666666,0.47376802777081917,0.7204037765624575,0.5716167057070995,0.7563676336001051
1,100,12.0,8,2,0.5,log_loss,balanced,0.4,0.6150197495367081,0.6246583333333333,0.4399298408372713,0.8257557206214459,0.5740360699458099,0.7654366903950874
1,500,24.0,12,5,0.3,log_loss,balanced_subsample,0.5,0.642943334815377,0.7020833333333333,0.5110033569563596,0.633689766821756,0.5657718935989311,0.7522054866636301
1,300,30.0,30,2,log2,entropy,balanced_subsample,0.4,0.6143330632865167,0.646825,0.4546509379230323,0.7676108072810383,0.5710642173979049,0.7531482357784537
1,650,10.0,30,4,log2,entropy,balanced,0.65,0.5271596791291885,0.7452666666666666,0.6277100970472848,0.4135716812233015,0.49862222805406115,0.7658630166499379
1,500,12.0,8,15,sqrt,log_loss,balanced,0.4,0.6143943616613178,0.6200583333333334,0.4371087080250427,0.835850134682883,0.5740285706277504,0.7673432552624395
1,400,12.0,30,15,log2,entropy,balanced,0.5,0.681628107477356,0.693,0.49915959892583217,0.7029902320898974,0.583794653953047,0.7672996359972952
2,400,8.0,6,10,0.5,log_loss,balanced_subsample,0.35,0.5712057212056233,0.5702166666666667,0.4073050222027644,0.8859684923679699,0.558055836432501,0.7619724172190312
2,400,10.0,12,8,0.3,entropy,balanced,0.5,0.6777923021154016,0.6917833333333333,0.49775343733729294,0.702310015508938,0.582597900914118,0.765866200750233
2,500,10.0,2,10,0.5,log_loss,balanced_subsample,0.65,0.5326160127326405,0.7450083333333334,0.6235842236324203,0.42244170543901177,0.5036739063437738,0.7656602935278121
2,800,30.0,4,20,0.3,log_loss,balanced_subsample,0.5,0.6732351015717013,0.6992083333333333,0.5066386859840994,0.683155116589122,0.581803014679473,0.765097578811018
2,650,10.0,8,5,sqrt,gini,balanced_subsample,0.45,0.6410021553199113,0.6562166666666667,0.46339043157158427,0.7750659810083531,0.5800093661556004,0.7657551635052153
2,200,6.0,6,20,0.3,entropy,balanced_subsample,0.3,0.5089231639812465,0.48680833333333334,0.368177957103419,0.9434603977906565,0.5296602078925863,0.7564480336033486
2,200,10.0,12,8,log2,gini,balanced,0.45,0.6419008485479767,0.6561916666666666,0.4634332478160621,0.7765624574864637,0.5804614649325293,0.7657712302687402
2,800,12.0,2,5,sqrt,log_loss,balanced,0.5,0.6814820062289646,0.6944833333333333,0.5008869568607576,0.6991266019100482,0.5836323990369328,0.7671412626334526
2,200,10.0,4,1,0.5,log_loss,balanced,0.5,0.6730336414182354,0.688125,0.4936467117951821,0.7103365711642587,0.5824919956715269,0.7653646484099866
2,200,12.0,12,5,0.3,gini,balanced,0.65,0.5407661458263175,0.745525,0.6207177814029364,0.43482164721247246,0.5114001824029184,0.7667053994393174
2,400,24.0,4,4,0.5,log_loss,balanced,0.5,0.6373744812302922,0.6902666666666667,0.49567987341508607,0.6477838543792344,0.5616153991319117,0.7441095207595643
2,200,12.0,30,15,log2,log_loss,balanced,0.5,0.6819071280862081,0.6929,0.4990452309769505,0.7039697439664789,0.5840538161132306,0.7672565460536894
2,500,10.0,4,2,0.3,log_loss,balanced_subsample,0.6,0.5798828153854032,0.7402916666666667,0.5892423661683914,0.5019454194215438,0.5421019379674116,0.7655071810219402
2,500,10.0,30,15,sqrt,gini,balanced_subsample,0.6,0.5789811295136607,0.7400833333333333,0.5890963836125437,0.5003945256169564,0.5411345848290473,0.7658528701492644
2,200,30.0,6,8,log2,log_loss,balanced,0.35,0.5833423822989805,0.598275,0.4221832708299364,0.8454003754795527,0.5631405812467716,0.7584139891971099
2,800,12.0,16,10,sqrt,gini,balanced_subsample,0.5,0.680903165503042,0.6954916666666666,0.5020758264139119,0.6975757081054608,0.5838960565721899,0.7673011195357102
2,400,10.0,12,15,log2,log_loss,balanced_subsample,0.5,0.6789987600354171,0.6929,0.49903896557749433,0.6993714798791936,0.5824609109449355,0.7658615586052432
2,650,24.0,16,10,0.3,entropy,balanced,0.45,0.6444506550750979,0.6670583333333333,0.4724366041896362,0.7461703806491987,0.5785592978977016,0.7609319441375024
2,100,30.0,12,8,sqrt,gini,balanced_subsample,0.5,0.6609551131210614,0.7006166666666667,0.508620509933913,0.6638097570266372,0.5759442870632673,0.7578297453603775
2,100,12.0,6,8,log2,log_loss,balanced,0.45,0.6471472025692204,0.66065,0.4672324686689893,0.7699235436563001,0.5815487689588557,0.7670081595930004
2,300,20.0,6,10,0.3,log_loss,balanced,0.3,0.5568969221512485,0.5518583333333333,0.3977144367805042,0.9005251272005006,0.5517500062515108,0.7628269578982463
2,300,12.0,12,10,0.5,gini,balanced,0.5,0.6778889624745111,0.6919083333333333,0.4978959153733302,0.701793050907409,0.5825174746208657,0.766140065733028
2,200,10.0,6,5,sqrt,gini,balanced_subsample,0.55,0.6298088318382445,0.7242333333333333,0.5456973812317447,0.5947541697276413,0.5691706809009244,0.7656730047621148
2,300,,16,4,log2,log_loss,balanced_subsample,0.5,0.6441800019664152,0.6979583333333333,0.5054637755980038,0.6393491687753381,0.5645775519275357,0.7483984417570095
2,200,10.0,24,5,sqrt,log_loss,balanced_subsample,0.4,0.6095558536984911,0.6174,0.4351354796674268,0.8358773433461214,0.5723307934497084,0.7657634072918806
2,800,10.0,16,2,0.3,entropy,balanced,0.55,0.6364301873073358,0.7212666666666666,0.5399550279262071,0.6076238674393927,0.5717943465792708,0.7658445719433116
3,800,,30,8,sqrt,log_loss,balanced,0.5,0.6718309474412054,0.6935083333333333,0.4997422884783126,0.6859031915761978,0.5782079658703855,0.7609101780567025
3,200,12.0,12,15,log2,entropy,balanced_subsample,0.55,0.6338099644755262,0.7245833333333334,0.545757852853224,0.6008489102930373,0.5719799005387485,0.7673359387281391
3,400,12.0,4,4,0.5,log_loss,balanced,0.5,0.6785555121559731,0.6923583333333333,0.4984138651398507,0.7010856256632112,0.582627669557156,0.7658037978427195
3,100,24.0,4,15,0.5,entropy,balanced,0.5,0.6714672411697342,0.6948166666666666,0.5013062640847177,0.6839441678230349,0.5785536733566562,0.7605050545694865
3,800,8.0,12,1,0.5,gini,balanced,0.7,0.46309744947991066,0.7439166666666667,0.6736635718816677,0.3178516039506979,0.43191481495175066,0.7619591328662858
3,400,30.0,16,10,0.3,entropy,balanced,0.5,0.670174157669712,0.69445,0.5008691482347299,0.6820667700595869,0.5775903781018871,0.7598679908493272
3,200,12.0,30,15,0.5,gini,balanced,0.5,0.6773054573954009,0.6912416666666666,0.4971361574536788,0.7037520746605719,0.5826697153670267,0.7661751771227123
3,400,,30,2,log2,entropy,balanced_subsample,0.5,0.6507645234618238,0.698775,0.5064336674027519,0.6489538268984845,0.5689036243723837,0.7522568561831624
3,800,16.0,30,5,sqrt,gini,balanced,0.5,0.6768745536532168,0.6973916666666666,0.5043758453337577,0.6899572823987158,0.5827482793091958,0.7662771711241438
3,800,8.0,4,20,sqrt,log_loss,balanced_subsample,0.5,0.6691718110689399,0.6896,0.4952244968838636,0.6983375506761352,0.5794987581846918,0.7624851681661767
3,200,30.0,4,5,0.5,log_loss,balanced,0.5,0.6352431566789626,0.6880416666666667,0.49300971669878235,0.6543683508829211,0.5623429005670193,0.7442203808559104
3,300,12.0,6,10,log2,gini,balanced,0.5,0.6815811600973999,0.6951333333333334,0.5016500361250512,0.6989905585938563,0.5841025874221273,0.7672185300141054
3,400,12.0,30,5,0.5,gini,balanced,0.5,0.6778692082244041,0.6920333333333333,0.49803830617885236,0.7011400429896879,0.5823897665378444,0.766250586239946
3,200,10.0,16,10,0.5,log_loss,balanced_subsample,0.3,0.5491022021783675,0.5352833333333333,0.3901071589582346,0.9182107583054444,0.5475742333279248,0.7656830921042836
3,200,10.0,12,5,0.3,log_loss,balanced_subsample,0.5,0.6792778451191973,0.6932833333333334,0.4994841447509295,0.6981470900334666,0.5823385229903318,0.7657672328207151
3,200,12.0,30,5,log2,entropy,balanced_subsample,0.7,0.4724921782800341,0.7456,0.6732728386127039,0.3290615732049084,0.4420644783975437,0.7671805072742488
3,400,10.0,12,15,sqrt,log_loss,balanced_subsample,0.5,0.6789987600354171,0.6929,0.49903896557749433,0.6993714798791936,0.5824609109449355,0.7658615586052432
3,200,10.0,12,15,sqrt,log_loss,balanced,0.5,0.6796156022336545,0.6930333333333333,0.49919465952533426,0.6999156531439611,0.5827556522133116,0.7657501744168398
3,200,10.0,4,5,log2,gini,balanced_subsample,0.35,0.5792249984732021,0.57835,0.41182314952806753,0.8796832911599053,0.5610098906819365,0.7656730047621148
3,100,24.0,6,8,log2,entropy,balanced,0.45,0.6429843580273751,0.666975,0.47229988609298956,0.744592278181373,0.5779819420243941,0.7596939122098398
3,800,12.0,16,20,sqrt,gini,balanced_subsample,0.6,0.5867100946192143,0.7406083333333333,0.5877855448757958,0.512475172094795,0.5475529456226289,0.7673215339590714
3,800,24.0,4,10,0.3,gini,balanced_subsample,0.7,0.482381311210741,0.7433916666666667,0.6522894521668029,0.34729137757461975,0.45325899753200405,0.7604899681702437
3,400,,24,15,0.3,log_loss,balanced,0.5,0.6750062003906372,0.6955166666666667,0.5021326403078937,0.6886784752265122,0.5807939421753098,0.763450815544455
3,400,12.0,30,15,log2,entropy,balanced_subsample,0.5,0.6816165644328802,0.6951916666666667,0.5017186828639506,0.6989633499306179,0.5841396168495253,0.767364687636978
3,400,10.0,8,1,sqrt,entropy,balanced_subsample,0.35,0.579922144925555,0.578425,0.4119421603319671,0.8805539683835333,0.5612973160473486,0.7655973746993052
4,200,12.0,2,5,log2,gini,balanced_subsample,0.5,0.6785999279500439,0.6965,0.5032887589626089,0.6932767393137975,0.5831998168917373,0.7666618007652549
4,400,24.0,30,15,0.3,log_loss,balanced,0.3,0.5593658908552334,0.552725,0.3983441878349475,0.9019943950153729,0.5526317982913107,0.7639619917641092
4,200,10.0,12,20,sqrt,log_loss,balanced,0.5,0.676943514246467,0.691225,0.4971157174172211,0.7034255707017114,0.5825437420430605,0.7656297999333465
4,200,10.0,2,15,0.3,entropy,balanced,0.5,0.6782397119114628,0.6918,0.49777503804588624,0.7030718580796126,0.582874672922494,0.765779591228466
4,800,12.0,2,15,log2,log_loss,balanced_subsample,0.4,0.6153893126726557,0.6212833333333333,0.43792044561879595,0.834244823551819,0.5743481192866776,0.7673352602029684
4,400,8.0,6,5,0.3,gini,balanced,0.5,0.6640132010116386,0.6864416666666666,0.4916863252416102,0.7032079013958045,0.5787252146847744,0.7623177219794957
4,800,20.0,30,1,0.3,entropy,balanced,0.5,0.6667830116731894,0.6960583333333333,0.5028360748723766,0.6753734389029467,0.5764715445266324,0.7596940032354949
4,400,12.0,2,15,0.5,log_loss,balanced,0.5,0.6780250623410105,0.69155,0.49748927410200666,0.7035616140179033,0.5828468387242195,0.7663589448466995
4,800,12.0,30,15,log2,gini,balanced,0.5,0.6827732564756841,0.694075,0.5004075612312231,0.7015481729382635,0.5841479853645828,0.7673287321763624
4,200,12.0,30,15,log2,gini,balanced_subsample,0.5,0.6811739441161104,0.6950166666666666,0.5015144705215641,0.6982831333496585,0.5837636194072288,0.767269793146382
4,400,10.0,30,15,log2,log_loss,balanced,0.5,0.6798385151533912,0.69305,0.49921437023530096,0.7002149484395832,0.5828728030440297,0.7658048278870718
4,650,16.0,12,15,log2,log_loss,balanced,0.5,0.6801808300628666,0.6967166666666667,0.5035350650885243,0.6956711016787746,0.5842111276133897,0.7674619840936043
4,400,12.0,30,1,sqrt,entropy,balanced_subsample,0.5,0.6800359338552218,0.6958083333333334,0.5024555062271638,0.6959431883111583,0.5835795525844466,0.7671505333594659
4,400,12.0,30,15,log2,log_loss,balanced_subsample,0.5,0.6816165644328802,0.6951916666666667,0.5017186828639506,0.6989633499306179,0.5841396168495253,0.767364687636978
4,200,12.0,12,15,sqrt,gini,balanced,0.5,0.6832229873523332,0.69415,0.5004944064214669,0.7023644328354148,0.5844899807539907,0.7672479934007975
4,400,10.0,4,4,log2,entropy,balanced,0.35,0.579149707641906,0.5777416666666667,0.41153288754417633,0.8807988463526787,0.5609669453710523,0.7657374723341289
4,400,12.0,2,10,log2,log_loss,balanced,0.4,0.6157708913277792,0.6212083333333334,0.4379155846008961,0.8350338747857318,0.5745308185519726,0.7672609316272636
4,200,12.0,30,15,0.3,entropy,balanced,0.5,0.682931950423839,0.6936916666666667,0.49996125682848397,0.702228389519223,0.584079207920792,0.7671315964279325
4,200,12.0,12,20,sqrt,log_loss,balanced,0.7,0.4758759493036141,0.745325,0.6685173089483998,0.33417680189372295,0.44560544217687076,0.7672590231935105
4,800,8.0,30,15,log2,log_loss,balanced,0.5,0.6681157723461935,0.6890416666666667,0.49458949476278496,0.6989089326041411,0.5792601111750048,0.7625989191850344
4,100,12.0,30,10,log2,gini,balanced,0.5,0.6821593862650501,0.693825,0.5001165274810643,0.7006502870513972,0.5836383622496969,0.7671009936680491
4,400,12.0,30,4,sqrt,log_loss,balanced,0.65,0.5379865861076716,0.746525,0.6254752851711026,0.4296792098604196,0.5094111385300237,0.7672304004459027
4,800,12.0,2,2,0.5,log_loss,balanced_subsample,0.55,0.6339517101340902,0.7227333333333333,0.5426185753813757,0.6029439773623921,0.5711929064852047,0.7650761935018096
4,300,8.0,30,15,sqrt,gini,balanced,0.5,0.6714193168067663,0.69075,0.4965406306323766,0.6971131608304084,0.5799755523361101,0.7625778698699854
4,200,8.0,6,10,sqrt,log_loss,balanced,0.5,0.6700637934379755,0.690325,0.49604834960483496,0.6967594482083095,0.5795172952238704,0.7622806158696205
4,200,12.0,30,10,log2,gini,balanced_subsample,0.7,0.47358571251213377,0.7453,0.6707310344827586,0.33077571898892605,0.4430555049382266,0.7672799499425965
5,800,12.0,24,15,log2,gini,balanced_subsample,0.5,0.6812235955075303,0.69535,0.5019070904645476,0.698174298696705,0.5839914426819,0.7673909131577725
5,200,8.0,30,1,sqrt,log_loss,balanced_subsample,0.4,0.6032940290523372,0.6154166666666666,0.4334556063846361,0.8327211384104699,0.5701378539493294,0.7624677912542192
5,200,20.0,30,15,0.3,entropy,balanced_subsample,0.5,0.6694559563870854,0.7005583333333333,0.5083902918184423,0.6759448208309525,0.5803151169717002,0.764745007686587
5,800,12.0,30,1,0.5,log_loss,balanced,0.5,0.6788160556155343,0.69225,0.4982902185042793,0.7017658422441705,0.582777865648372,0.7664305196103496
5,100,8.0,30,10,log2,gini,balanced,0.5,0.6696117754483659,0.6900666666666667,0.49575229801644893,0.6970315348406932,0.5794092368932917,0.7624808706766746
5,800,,30,1,log2,gini,balanced_subsample,0.5,0.6492437772300057,0.6980666666666666,0.5055365454506812,0.6471852637879901,0.5676578683595055,0.7508521920702338
5,300,12.0,30,15,0.3,log_loss,balanced,0.5,0.6816593924023219,0.6933083333333333,0.49951578539608754,0.7017114249176938,0.583596392971499,0.7671150500229396
5,800,20.0,30,15,0.3,log_loss,balanced,0.55,0.6395908444772496,0.7210666666666666,0.5392229527794381,0.6136369820150736,0.5740283539922115,0.7649827854912117
5,200,12.0,30,15,log2,gini,balanced,0.5,0.6832229873523332,0.69415,0.5004944064214669,0.7023644328354148,0.5844899807539907,0.7672479934007975
5,650,12.0,16,2,sqrt,log_loss,balanced,0.5,0.6812853625548299,0.6943083333333333,0.5006822346107365,0.6988817239409028,0.5834080972119698,0.7670646304713304
5,400,12.0,30,15,log2,gini,balanced,0.5,0.6828766435167304,0.693875,0.5001745133017916,0.7018474682338857,0.5840928389470704,0.7672697245094429
5,200,12.0,30,20,log2,log_loss,balanced,0.5,0.6830068016343835,0.6938,0.5000872076122556,0.7021195548662694,0.5841274871539489,0.7672590231935105
5,400,24.0,30,15,0.3,entropy,balanced,0.55,0.6410210604352284,0.7186916666666666,0.535323523863422,0.6176910728375915,0.5735652657242835,0.7639619917641092
5,200,12.0,30,15,log2,entropy,balanced_subsample,0.5,0.6817377218125347,0.69535,0.5019044828596543,0.6991266019100482,0.5843225542365944,0.7673359387281391
5,200,12.0,8,5,log2,log_loss,balanced,0.5,0.6804874445244544,0.6950916666666667,0.5016053878382082,0.6971131608304084,0.5834158782206738,0.7670470347382737
5,400,12.0,30,1,0.5,entropy,balanced_subsample,0.5,0.679042467735322,0.6942916666666666,0.5006662486283117,0.6951813457404837,0.5821040041009284,0.7663186436873031
5,650,12.0,30,15,0.3,log_loss,balanced,0.5,0.6828549891572812,0.6937916666666667,0.5000775404179428,0.7019018855603624,0.5840455517947906,0.7671419004667236
5,200,16.0,30,15,log2,entropy,balanced,0.5,0.6802195935890704,0.6966583333333334,0.5034649761782888,0.6958071449949664,0.5842119090317202,0.7673712225272777
5,100,12.0,30,20,log2,gini,balanced,0.5,0.6829042290848609,0.6943,0.5006697338535904,0.7017386335809321,0.5843926313642852,0.7672162182566237
5,200,30.0,30,15,0.3,entropy,balanced_subsample,0.5,0.6691485289889,0.7003833333333334,0.5081695670845177,0.6761352814736212,0.5802414364769888,0.7632608855306954
5,500,24.0,16,15,0.5,gini,balanced,0.5,0.6708973472095974,0.694025,0.5003586943525566,0.6831823252523603,0.5776499683671709,0.7606812413435358
5,800,12.0,2,15,sqrt,gini,balanced,0.5,0.6827732564756841,0.694075,0.5004075612312231,0.7015481729382635,0.5841479853645828,0.7673287321763624
5,400,,30,2,sqrt,log_loss,balanced,0.55,0.6319127828882813,0.710175,0.5230048480328174,0.6105351944058989,0.5633905369270749,0.7526191373100177
5,400,12.0,30,1,0.3,entropy,balanced_subsample,0.5,0.6804017540036745,0.695125,0.5016449300904712,0.6970043261774549,0.5834045024425238,0.7669138259642508
5,400,12.0,2,15,sqrt,log_loss,balanced_subsample,0.5,0.6816165644328802,0.6951916666666667,0.5017186828639506,0.6989633499306179,0.5841396168495253,0.767364687636978
5,400,12.0,30,10,log2,gini,balanced,0.5,0.6829211038137704,0.694,0.5003200341369746,0.7018474682338857,0.5841920507303816,0.7673285115576292
6,800,12.0,30,4,0.5,entropy,balanced,0.5,0.6786205219626114,0.692275,0.4983180605498202,0.7013305036323565,0.5826467297324789,0.7663666212346673
6,300,12.0,30,15,log2,entropy,balanced_subsample,0.5,0.6814647049735824,0.6953333333333334,0.5018862023807197,0.6986368459717575,0.5841390449757717,0.7673456431742398
6,300,12.0,2,15,sqrt,log_loss,balanced,0.5,0.6814612587638799,0.6927916666666667,0.4989196280433692,0.7036432400076185,0.5838554189666655,0.767303675934854
6,800,12.0,8,5,sqrt,log_loss,balanced,0.5,0.6814820062289646,0.6944833333333333,0.5008869568607576,0.6991266019100482,0.5836323990369328,0.7671412626334526
6,200,12.0,2,15,log2,gini,balanced,0.5,0.6832229873523332,0.69415,0.5004944064214669,0.7023644328354148,0.5844899807539907,0.7672479934007975
6,200,12.0,30,15,0.3,gini,balanced,0.5,0.6805569093084912,0.6923666666666667,0.49843024711569944,0.7041057872826708,0.5836791771923493,0.7669802305687426
6,300,12.0,30,15,log2,log_loss,balanced_subsample,0.5,0.6814647049735824,0.6953333333333334,0.5018862023807197,0.6986368459717575,0.5841390449757717,0.7673456431742398
6,650,,16,15,log2,log_loss,balanced_subsample,0.5,0.6732580251595657,0.6996416666666667,0.5071702686325995,0.6832095339155987,0.5821731217323766,0.7646471935113335
6,100,6.0,12,8,0.3,gini,balanced_subsample,0.4,0.5970074870249635,0.6189166666666667,0.4349803717062854,0.8170217397219275,0.5677121736335621,0.7562932345898269
6,200,12.0,30,15,log2,gini,balanced,0.55,0.6365375841507811,0.7231666666666666,0.543048617034239,0.6063178516039507,0.5729418419293464,0.7672479934007975
6,800,16.0,30,15,log2,gini,balanced,0.5,0.6799675566704326,0.696775,0.5036066219944817,0.6952629717301989,0.5841153006526236,0.7674585167842243
6,100,8.0,2,4,0.3,gini,balanced,0.5,0.6669378420636548,0.6883083333333333,0.4937648683907605,0.7002693657660599,0.5791599626450038,0.7621556075756225
6,200,6.0,4,15,sqrt,gini,balanced,0.5,0.6406926797324957,0.6751666666666667,0.479594641646356,0.7120779256115147,0.5731587131249863,0.7564828639084245
6,400,12.0,12,15,log2,log_loss,balanced_subsample,0.5,0.6816165644328802,0.6951916666666667,0.5017186828639506,0.6989633499306179,0.5841396168495253,0.767364687636978
6,200,12.0,30,10,sqrt,log_loss,balanced,0.5,0.6826421488956252,0.6937,0.49997091614154143,0.7016025902647403,0.5838692147450412,0.7672735462795877
6,200,12.0,30,15,log2,entropy,balanced,0.6,0.5876531819959998,0.7403416666666667,0.5868525648987704,0.514216526542051,0.5481386951288484,0.7672565460536894
6,400,8.0,30,4,log2,gini,balanced_subsample,0.35,0.5691471436138567,0.5685583333333334,0.40630302425391757,0.8860773270209235,0.5571361361789487,0.7626618283716855
6,200,6.0,30,4,sqrt,entropy,balanced,0.5,0.6407636857587315,0.6766583333333334,0.4810307139416843,0.7065273583108862,0.5723700887198986,0.7562156800779785
6,400,12.0,2,15,sqrt,gini,balanced_subsample,0.7,0.47326006517927827,0.7452833333333333,0.6710155343026148,0.33025875438739694,0.4426534407935524,0.7673903738675356
6,300,12.0,30,10,0.3,log_loss,balanced_subsample,0.5,0.6815217745642754,0.6946833333333333,0.5011214041930766,0.6991266019100482,0.5837915208797201,0.7671093897633512
6,400,,2,15,sqrt,entropy,balanced,0.5,0.6775111864797302,0.6956583333333334,0.5022890520167338,0.6925693140695998,0.582278191446774,0.7646861508575125
6,200,12.0,4,5,0.3,log_loss,balanced,0.5,0.6815206762963003,0.6937166666666666,0.49999027937088086,0.6997524011645307,0.583240730241524,0.76671727183217
6,200,12.0,12,15,0.5,entropy,balanced,0.7,0.4874912715725057,0.7456833333333334,0.6588696937267492,0.35178080700895165,0.45867035617993474,0.7663552062579884
6,200,12.0,30,15,sqrt,entropy,balanced,0.5,0.6819071280862081,0.6929,0.4990452309769505,0.7039697439664789,0.5840538161132306,0.7672565460536894
6,650,20.0,12,15,0.3,gini,balanced_subsample,0.45,0.6541487720938666,0.6706,0.4759702810827661,0.7477756917802628,0.5816877262048384,0.7648113230630581
6,100,12.0,6,20,0.5,gini,balanced_subsample,0.5,0.678684416382106,0.693875,0.5001762839346574,0.6948004244551466,0.5816392770508046,0.7661297690481945
7,200,12.0,30,20,0.5,gini,balanced_subsample,0.5,0.6802510085245221,0.6940166666666666,0.5003415500517204,0.6975212907789841,0.5827025798386181,0.7662226148895758
7,100,,6,4,0.3,gini,balanced_subsample,0.5,0.6301254132508395,0.6974333333333333,0.5049460931421585,0.6180447854596903,0.5558002397905503,0.7410607514272551
7,200,12.0,30,15,sqrt,gini,balanced,0.5,0.6832229873523332,0.69415,0.5004944064214669,0.7023644328354148,0.5844899807539907,0.7672479934007975
7,200,12.0,4,15,sqrt,gini,balanced,0.5,0.6832229873523332,0.69415,0.5004944064214669,0.7023644328354148,0.5844899807539907,0.7672479934007975
7,650,,2,15,sqrt,gini,balanced_subsample,0.45,0.6558104673829339,0.67145,0.47680452628473247,0.7475036051478791,0.5822277794261009,0.7646258346763727
7,100,12.0,12,15,log2,gini,balanced,0.5,0.6830346306565298,0.6939916666666667,0.5003102097793632,0.7021195548662694,0.584279584743748,0.7671878221743367
7,300,6.0,30,10,sqrt,gini,balanced,0.7,0.40490472519710546,0.7376333333333334,0.7129921578138896,0.23995320109923,0.3590651846423191,0.7568249172390249
7,200,16.0,12,5,sqrt,gini,balanced_subsample,0.5,0.6679010121992764,0.7016416666666667,0.5097946222368855,0.6726797812423476,0.5800185339417471,0.7647582018307837
7,650,12.0,2,15,sqrt,gini,balanced,0.5,0.682927451082442,0.693925,0.5002326934264107,0.7019018855603624,0.5841513535545667,0.7673047860556356
7,200,10.0,2,15,0.5,gini,balanced_subsample,0.5,0.6735790660754236,0.6881166666666667,0.49364506808181147,0.7112072483878867,0.582783376438063,0.7656426208233307
7,400,6.0,30,15,log2,entropy,balanced,0.5,0.6416686172956333,0.6762333333333334,0.4806554476250161,0.7095203112671075,0.5730830934224117,0.7565946157947167
7,200,12.0,2,15,sqrt,log_loss,balanced,0.5,0.6819071280862081,0.6929,0.4990452309769505,0.7039697439664789,0.5840538161132306,0.7672565460536894
7,300,12.0,30,10,0.5,log_loss,balanced,0.5,0.6769782028868305,0.6911916666666666,0.4970770354986347,0.7033167360487579,0.5824798602895611,0.766350570323007
7,650,16.0,30,2,log2,log_loss,balanced_subsample,0.5,0.6710995081550816,0.70165,0.5097265121606971,0.6780126792370691,0.5819476879962634,0.7656379843980857
7,300,8.0,6,15,sqrt,gini,balanced,0.5,0.6714193168067663,0.69075,0.4965406306323766,0.6971131608304084,0.5799755523361101,0.7625778698699854
7,200,12.0,30,15,log2,entropy,balanced,0.7,0.4773895120548689,0.7457583333333333,0.6690125595495886,0.33624466029983946,0.4475509280217293,0.7672565460536894
7,100,12.0,4,4,0.3,entropy,balanced,0.5,0.6797844207226712,0.6957166666666666,0.5023475100677733,0.6957799363317281,0.5834493143808893,0.7665946202365072
7,200,6.0,30,15,log2,log_loss,balanced_subsample,0.5,0.6407444233194071,0.6762833333333333,0.48066727014095434,0.7079422087992817,0.5725760309845518,0.7562523191298245
7,650,8.0,12,15,sqrt,gini,balanced_subsample,0.4,0.6026596594328444,0.6151583333333334,0.43324080892766104,0.832367425788371,0.5698691379872398,0.762607834306334
7,200,12.0,12,15,0.3,entropy,balanced,0.45,0.6468709387965932,0.6597583333333333,0.4665078060805259,0.772372323347754,0.5816829400735634,0.7671315964279325
7,800,12.0,4,15,0.3,gini,balanced_subsample,0.5,0.6807733187257285,0.6948083333333334,0.5012705735173384,0.697738960084891,0.5834082196767185,0.767073283138048
7,300,12.0,2,5,log2,log_loss,balanced,0.5,0.6812639039525581,0.6947833333333333,0.5012396290873596,0.698609637308519,0.583691377389802,0.7671286157871359
7,200,12.0,30,5,0.3,log_loss,balanced_subsample,0.5,0.6807839116758931,0.69535,0.5019087331884654,0.6975757081054608,0.5837830452899788,0.7669597177657688
7,300,12.0,30,15,log2,gini,balanced,0.5,0.6826962697136579,0.6945,0.5009037373914057,0.7012488776426414,0.5843820148289232,0.7672786813031697
7,650,10.0,16,4,log2,entropy,balanced,0.6,0.579355785647107,0.7404916666666667,0.5899301326838023,0.5008298642287704,0.5417408579206828,0.7658403574718216
8,200,12.0,12,5,log2,entropy,balanced_subsample,0.5,0.6786336741891134,0.6962166666666667,0.5029506384826415,0.6933583653035127,0.5830016014641959,0.7668877174530955
8,100,12.0,2,15,log2,log_loss,balanced,0.5,0.6807592572889568,0.69215,0.4981839844725868,0.7053573857916361,0.5839396328415362,0.7671942995403446
8,800,6.0,4,15,sqrt,log_loss,balanced_subsample,0.5,0.6412105444229236,0.6756583333333334,0.4800823166250184,0.7109079530922646,0.5731269947464821,0.7567969354296925
8,200,12.0,12,1,sqrt,log_loss,balanced_subsample,0.35,0.5858984427714957,0.5848583333333334,0.41562031726347337,0.8754115310314804,0.5636403451145272,0.7665220629840983
8,200,30.0,4,15,sqrt,log_loss,balanced,0.35,0.5875737954849993,0.5916583333333333,0.41915938432294003,0.8639566838081245,0.5644626556569814,0.7645428897134754
8,300,8.0,2,15,log2,gini,balanced_subsample,0.5,0.6695396975465825,0.6900666666666667,0.4957509824038406,0.6968138655347863,0.5793331222006063,0.7626862263522625
8,650,30.0,24,5,log2,log_loss,balanced_subsample,0.4,0.6157022328960785,0.6449,0.4533407661065541,0.7744401817538704,0.5719021881090639,0.7558078498440375
8,100,12.0,8,10,log2,gini,balanced,0.5,0.6798875157669801,0.6956666666666667,0.5022883070456287,0.6957799363317281,0.5834093812739551,0.7670549201420636
8,200,12.0,12,15,0.3,gini,balanced,0.7,0.4835031133427131,0.7458333333333333,0.6633404733295021,0.34546839713764865,0.4543242566286185,0.7669802305687426
8,200,12.0,30,15,0.5,log_loss,balanced,0.5,0.6782317959289457,0.69165,0.4976038799822937,0.7034799880281882,0.5828974659572549,0.7663552062579884
8,300,12.0,8,15,0.3,gini,balanced,0.5,0.6804263521151901,0.6924833333333333,0.4985630798310413,0.7033167360487579,0.5834988713318284,0.7670319993264716
8,300,20.0,2,5,log2,log_loss,balanced,0.65,0.5423802828967129,0.740875,0.6052847041310011,0.4425216989089326,0.5112616506609245,0.7594680927576632
8,200,12.0,4,10,log2,entropy,balanced_subsample,0.5,0.6804122449123632,0.69575,0.5023839890120672,0.6966506135553561,0.5837798399416312,0.7671420673198545
8,100,12.0,12,15,sqrt,gini,balanced_subsample,0.3,0.5470093000965283,0.5318083333333333,0.38847690329690515,0.9207683726498517,0.5464174706333508,0.7671379384811174
8,200,30.0,12,15,log2,gini,balanced,0.5,0.6777309066682723,0.695375,0.5019508157956963,0.6930862786711289,0.5822333459046183,0.7646883099795151
8,800,12.0,30,15,log2,gini,balanced_subsample,0.3,0.5475523257507926,0.5316416666666667,0.38847732850163985,0.9217206758631948,0.5465854543987737,0.7673909131577725
8,650,12.0,2,15,log2,gini,balanced,0.5,0.682927451082442,0.693925,0.5002326934264107,0.7019018855603624,0.5841513535545667,0.7673047860556356
8,200,,30,5,sqrt,gini,balanced,0.5,0.6660155581374696,0.6923833333333334,0.49839988868790874,0.6822300220390172,0.5760033079874113,0.7576451137914837
8,400,12.0,30,15,0.5,log_loss,balanced,0.55,0.6415047022981181,0.7199666666666666,0.5373130791288481,0.6169020216036786,0.5743635212159595,0.7663589448466995
8,200,16.0,24,15,log2,entropy,balanced_subsample,0.5,0.6768202180406129,0.6987166666666667,0.505986527813868,0.6887601012162272,0.5833928694890645,0.7674412465863651
8,200,12.0,2,15,sqrt,entropy,balanced_subsample,0.6,0.5856050907136248,0.7405833333333334,0.5881044154053461,0.5106249829945855,0.5466328789467552,0.7673359387281391
8,300,12.0,30,15,log2,entropy,balanced,0.5,0.6814612587638799,0.6927916666666667,0.4989196280433692,0.7036432400076185,0.5838554189666655,0.767303675934854
8,100,16.0,30,15,log2,entropy,balanced,0.5,0.6807213142942581,0.69595,0.5026191363716623,0.6970587435039316,0.584081893210524,0.7672812470173266
8,200,12.0,4,4,0.3,gini,balanced,0.3,0.5526254312104386,0.5394583333333334,0.3921337839412656,0.9155443093080837,0.5490890399223256,0.7665448486502885
9,200,12.0,2,8,log2,log_loss,balanced,0.5,0.6819420523949615,0.69425,0.5006128762379127,0.7000789051233913,0.5837776517300056,0.7670929982817352
9,400,12.0,30,15,0.3,gini,balanced,0.45,0.6455485767927119,0.6589916666666666,0.46582149768753894,0.772807661959568,0.5812723198297297,0.7670417503476382
9,650,8.0,30,2,0.3,log_loss,balanced_subsample,0.3,0.5290464392485877,0.5103916666666667,0.3785469802362813,0.9328490191276902,0.5385515578489354,0.7624198112555357
9,800,12.0,12,15,0.5,gini,balanced_subsample,0.5,0.6801272995593637,0.6937916666666667,0.5000780457348006,0.6973580387995538,0.5824669052894722,0.7663044420508913
9,200,16.0,4,15,log2,entropy,balanced_subsample,0.5,0.6768202180406129,0.6987166666666667,0.505986527813868,0.6887601012162272,0.5833928694890645,0.7674412465863651
9,300,20.0,30,10,log2,gini,balanced,0.55,0.6384450909950782,0.7210583333333334,0.5393492969912184,0.6116235409354338,0.5732172227818082,0.7649973229583619
9,400,12.0,30,15,log2,log_loss,balanced,0.5,0.681628107477356,0.693,0.49915959892583217,0.7029902320898974,0.583794653953047,0.7672996359972952
9,200,12.0,2,15,log2,log_loss,balanced,0.55,0.6360443061555321,0.7234666666666667,0.5436041539401344,0.6053111310641308,0.5728005355441695,0.7672565460536894
9,300,12.0,12,15,sqrt,entropy,balanced,0.5,0.6814612587638799,0.6927916666666667,0.4989196280433692,0.7036432400076185,0.5838554189666655,0.767303675934854
9,200,12.0,12,15,sqrt,entropy,balanced_subsample,0.5,0.6817377218125347,0.69535,0.5019044828596543,0.6991266019100482,0.5843225542365944,0.7673359387281391
9,200,30.0,4,15,log2,entropy,balanced_subsample,0.5,0.6725842992651044,0.6999416666666667,0.507553971404269,0.6819035180801567,0.5819507494398068,0.7645699651883675
9,100,6.0,30,5,log2,gini,balanced,0.5,0.6326619680460894,0.669425,0.47390370502953283,0.7204037765624575,0.5717154486466645,0.756632895759674
9,200,12.0,30,10,0.3,log_loss,balanced_subsample,0.5,0.681388634666336,0.6948916666666667,0.5013664935774802,0.6988000979511877,0.5838438718330511,0.7671017161535452
9,200,,24,15,log2,gini,balanced_subsample,0.5,0.6722897661743186,0.6995666666666667,0.5070952853296625,0.6815770141212962,0.5815303185068251,0.7644840570707508
9,200,12.0,16,15,log2,entropy,balanced_subsample,0.65,0.5350538423595044,0.7464166666666666,0.626881245735843,0.42499931978341904,0.5065672125831037,0.7673359387281391
9,200,,4,15,log2,gini,balanced,0.5,0.6780792813470429,0.6957666666666666,0.5024144115734079,0.6935760346094196,0.5827180249171334,0.7646186331906559
9,200,12.0,30,15,0.5,gini,balanced_subsample,0.5,0.679749485364779,0.693825,0.5001171920778156,0.6966778222185944,0.582256028925197,0.7662706267554095
9,300,16.0,12,15,sqrt,gini,balanced,0.5,0.6799556015581925,0.6963833333333334,0.5031398255871179,0.6954262237096291,0.583858735380117,0.7674247210992966
9,200,12.0,8,15,sqrt,entropy,balanced,0.5,0.6819071280862081,0.6929,0.4990452309769505,0.7039697439664789,0.5840538161132306,0.7672565460536894
9,100,12.0,30,1,log2,gini,balanced,0.5,0.682236499883059,0.6940333333333333,0.500359425696023,0.7007319130411123,0.5838320638375045,0.7670300794532285
9,100,12.0,16,15,log2,entropy,balanced,0.5,0.6807592572889568,0.69215,0.4981839844725868,0.7053573857916361,0.5839396328415362,0.7671942995403446
9,300,30.0,30,10,log2,entropy,balanced,0.5,0.674023992366521,0.6939583333333333,0.5002769863880975,0.6879982586455528,0.5793097128194554,0.7625274485207423
9,200,8.0,30,15,sqrt,log_loss,balanced,0.5,0.6686212890249464,0.6893583333333333,0.4949487159713118,0.6985008026555656,0.579366064476817,0.7623547061770932
9,800,12.0,30,15,log2,entropy,balanced_subsample,0.7,0.4734265906928321,0.745525,0.6719787516600265,0.33042200636682717,0.44300957592339263,0.7673352602029684
9,500,10.0,30,15,log2,gini,balanced,0.5,0.6785101913248068,0.6921083333333333,0.4981275577175508,0.7021195548662694,0.5827884865115124,0.7658589209857213
9,200,8.0,4,15,0.5,gini,balanced_subsample,0.5,0.662325841798714,0.6859916666666667,0.4911706500228345,0.702310015508938,0.5780639381893511,0.7621034132688704
9,100,12.0,30,15,log2,log_loss,balanced,0.5,0.6807592572889568,0.69215,0.4981839844725868,0.7053573857916361,0.5839396328415362,0.7671942995403446
10,300,,12,15,0.5,entropy,balanced,0.5,0.6705589496875619,0.69395,0.500269122660128,0.682801403967023,0.5774540936076211,0.760248359280461
10,200,12.0,24,15,sqrt,log_loss,balanced,0.5,0.6819071280862081,0.6929,0.4990452309769505,0.7039697439664789,0.5840538161132306,0.7672565460536894
10,200,24.0,12,15,0.3,entropy,balanced,0.5,0.6750552184142068,0.6958916666666667,0.502582131648989,0.6884608059206051,0.5810170036395366,0.7637710186322942
10,300,,30,15,0.5,gini,balanced_subsample,0.5,0.6639072246799598,0.699375,0.5069928627418623,0.6687345250727832,0.5767385106358015,0.7598205408258674
10,200,12.0,16,15,sqrt,entropy,balanced_subsample,0.35,0.5852560964924839,0.5825166666666667,0.41441672545372926,0.8791119092318994,0.5632943391621192,0.7673359387281391
10,100,12.0,12,15,log2,entropy,balanced_subsample,0.5,0.6813272255562525,0.694675,0.5011122819341998,0.6987184719614725,0.5836429959431357,0.7672440575625965
10,200,12.0,2,8,log2,gini,balanced,0.35,0.5857850368430283,0.58325,0.41482595119694693,0.8783772753244633,0.5635211562630917,0.7672280546967939
10,800,12.0,24,1,log2,gini,balanced,0.5,0.6815449247274894,0.694025,0.5003503581438804,0.6994258972056703,0.5833721022591882,0.7671665612287251
10,200,12.0,24,15,log2,gini,balanced_subsample,0.5,0.6811739441161104,0.6950166666666666,0.5015144705215641,0.6982831333496585,0.5837636194072288,0.767269793146382
10,300,12.0,12,15,0.5,gini,balanced_subsample,0.5,0.6799121822924581,0.6941083333333333,0.5004494294200407,0.6968410741980247,0.5825381842168113,0.7662889745532147
10,800,6.0,12,15,sqrt,entropy,balanced_subsample,0.5,0.6412105444229236,0.6756583333333334,0.4800823166250184,0.7109079530922646,0.5731269947464821,0.7567969354296925
10,300,12.0,2,15,sqrt,entropy,balanced,0.7,0.47627313666393456,0.7454583333333333,0.6687506795694248,0.33469376649525207,0.4461167425245254,0.767303675934854
10,200,6.0,8,10,log2,gini,balanced,0.7,0.40315516849594946,0.7374083333333333,0.7142740353172008,0.23772209071368325,0.35672144534041034,0.7566551762906756
10,800,12.0,12,20,0.5,entropy,balanced_subsample,0.5,0.6801112014554888,0.6933666666666667,0.4995818828883141,0.6989633499306179,0.5826887744686642,0.7664291834779327
10,800,12.0,24,15,sqrt,gini,balanced_subsample,0.35,0.5860509593542982,0.5837416666666667,0.41508389952645663,0.8776698500802655,0.5636133315860743,0.7673909131577725
10,200,12.0,2,8,log2,gini,balanced,0.5,0.682317895522282,0.6944833333333333,0.500885093469761,0.7005958697249204,0.5841424682395644,0.7672280546967939
10,200,12.0,30,15,log2,log_loss,balanced,0.45,0.6461138789299494,0.659025,0.4658811576152863,0.7735150872037657,0.5815187931475326,0.7672565460536894
10,100,12.0,2,15,sqrt,entropy,balanced_subsample,0.5,0.6813272255562525,0.694675,0.5011122819341998,0.6987184719614725,0.5836429959431357,0.7672440575625965
10,300,10.0,12,15,log2,log_loss,balanced,0.5,0.6796586916665671,0.69285,0.4989829326410818,0.7008135390308274,0.5829221925496764,0.7658003042225128
10,200,12.0,30,8,0.5,gini,balanced,0.5,0.6775683036788321,0.6919916666666667,0.4979892502223425,0.7008135390308274,0.5822435716304041,0.7662025567246137
10,500,12.0,2,15,log2,log_loss,balanced_subsample,0.3,0.5465889247818938,0.53005,0.38775930053145896,0.923108317688352,0.5461174425342863,0.7673453919957264
10,200,12.0,12,15,sqrt,entropy,balanced,0.5,0.6819071280862081,0.6929,0.4990452309769505,0.7039697439664789,0.5840538161132306,0.7672565460536894
10,200,12.0,12,2,sqrt,entropy,balanced_subsample,0.7,0.4680906742751083,0.7447083333333333,0.6734717023931043,0.32313008461894266,0.43672201077463363,0.766662131856776
10,200,,4,10,log2,log_loss,balanced,0.5,0.6716572785657668,0.693725,0.5,0.6845155497510408,0.5778865038073252,0.7610373201424039
10,650,12.0,4,15,sqrt,gini,balanced,0.5,0.682927451082442,0.693925,0.5002326934264107,0.7019018855603624,0.5841513535545667,0.7673047860556356
10,200,12.0,16,20,log2,entropy,balanced,0.5,0.6830068016343835,0.6938,0.5000872076122556,0.7021195548662694,0.5841274871539489,0.7672590231935105
11,100,12.0,2,15,log2,gini,balanced,0.5,0.6830346306565298,0.6939916666666667,0.5003102097793632,0.7021195548662694,0.584279584743748,0.7671878221743367
11,200,,2,15,log2,entropy,balanced,0.5,0.6772390380631943,0.6955583333333333,0.5021714240593785,0.6921611841210241,0.5820548901168046,0.7646001526947686
11,200,6.0,12,10,sqrt,gini,balanced,0.5,0.6431653258264213,0.6772583333333333,0.48170912322274884,0.7079694174625201,0.5733234915004021,0.7566551762906756
11,500,12.0,2,1,log2,gini,balanced_subsample,0.5,0.6756866548114592,0.6975666666666667,0.5045981368070378,0.6882431366146982,0.5822840174029142,0.765168152455883
11,200,12.0,12,15,0.5,entropy,balanced_subsample,0.5,0.6792207650621827,0.69325,0.49944512586881606,0.6979838380540364,0.5822552090426256,0.7662448939497858
11,500,12.0,30,4,log2,gini,balanced,0.5,0.6819560807804412,0.6946,0.5010225745505541,0.6998884444807226,0.5839898290462461,0.767237328200969
11,200,12.0,4,15,log2,entropy,balanced,0.3,0.5445121752143186,0.5287833333333334,0.3870198070666134,0.9224008924441542,0.5452600765593335,0.7672565460536894
11,400,12.0,2,8,0.5,gini,balanced,0.5,0.6763784922702311,0.6914666666666667,0.4973846242930765,0.7011400429896879,0.5819425938890269,0.7660537846880415
11,800,12.0,30,2,log2,gini,balanced,0.5,0.6817592192160139,0.6942,0.5005547445255475,0.699697983838054,0.5836056644880174,0.7672537085699375
11,800,12.0,12,15,log2,log_loss,balanced_subsample,0.6,0.5867156489097218,0.7408416666666666,0.5883216695826043,0.5123663374418415,0.5477232733671703,0.7673352602029684
11,100,12.0,24,15,0.3,gini,balanced,0.5,0.6802376408417302,0.6923333333333334,0.4983909817901532,0.7037248659973335,0.583521342839094,0.7668923388435823
11,400,12.0,24,15,log2,entropy,balanced_subsample,0.5,0.6816165644328802,0.6951916666666667,0.5017186828639506,0.6989633499306179,0.5841396168495253,0.767364687636978
11,200,12.0,12,15,0.3,gini,balanced,0.5,0.6805569093084912,0.6923666666666667,0.49843024711569944,0.7041057872826708,0.5836791771923493,0.7669802305687426
11,200,12.0,2,15,log2,entropy,balanced,0.5,0.6819071280862081,0.6929,0.4990452309769505,0.7039697439664789,0.5840538161132306,0.7672565460536894
11,100,12.0,8,15,log2,entropy,balanced,0.5,0.6807592572889568,0.69215,0.4981839844725868,0.7053573857916361,0.5839396328415362,0.7671942995403446
11,200,,12,20,sqrt,gini,balanced,0.5,0.679185344630604,0.6957333333333333,0.5023700411069371,0.6949636764345768,0.5831773140326042,0.7659939841010525
11,300,12.0,2,20,sqrt,gini,balanced_subsample,0.5,0.6827236657720248,0.693825,0.5001163737926219,0.7015753816015019,0.5839589632095662,0.7673082203539162
11,200,8.0,12,15,0.5,entropy,balanced,0.55,0.6311580060222517,0.718425,0.5359307569218833,0.6014475008842816,0.566802138488955,0.761863956310554
11,200,12.0,16,20,log2,entropy,balanced_subsample,0.5,0.6824559861910542,0.6942833333333334,0.5006510543193081,0.700922373683781,0.5840966805731906,0.7672476554455825
11,200,6.0,2,15,log2,gini,balanced_subsample,0.5,0.6489240260330708,0.681725,0.4863827211862163,0.6997251925012924,0.5738672498242717,0.7564882883511004
11,200,12.0,12,15,log2,entropy,balanced,0.5,0.6819071280862081,0.6929,0.4990452309769505,0.7039697439664789,0.5840538161132306,0.7672565460536894
11,800,6.0,24,1,log2,gini,balanced_subsample,0.5,0.6388606613587658,0.6737083333333334,0.4781326244492189,0.7144994966397301,0.5728933733296973,0.7568105078941614
11,650,12.0,12,15,log2,gini,balanced_subsample,0.4,0.6159686741012564,0.6219833333333333,0.43838655654638364,0.8333197290017141,0.5745291513468898,0.7673717502146036
11,100,16.0,4,15,log2,entropy,balanced_subsample,0.5,0.6766430976473239,0.69785,0.5049360802536846,0.6888689358691807,0.5827329850162266,0.7673287240052984
11,100,12.0,24,15,sqrt,log_loss,balanced,0.5,0.6807592572889568,0.69215,0.4981839844725868,0.7053573857916361,0.5839396328415362,0.7671942995403446
11,200,24.0,12,15,log2,log_loss,balanced_subsample,0.5,0.6728995874593248,0.7005666666666667,0.508325052221704,0.6819851440698719,0.5824870442239316,0.7650406374428118
11,500,12.0,6,1,0.3,gini,balanced_subsample,0.5,0.6773620408219367,0.6965416666666666,0.5033470648815654,0.6915081762033032,0.5826121840793169,0.765598825226621
